<?xml version="1.0" encoding="UTF-8"?>
<?xml-stylesheet type="text/xsl" href="../print.xsl" 
title="Pretty print" ?>
<?xml-stylesheet type="text/css" href="../rules.css" 
title="Easy editing stylesheet" ?>

<!--
 Portuguese (Portugal - prereform + postreform) - Grammar and Typo Rules for LanguageTool.

 Copyright (C) 2016 Tiago F. Santos (tiagofsantos81@sapo.pt)

 This library is free software; you can redistribute it and/or
 modify it under the terms of the GNU Lesser General Public
 License as published by the Free Software Foundation; either
 version 2.1 of the License, or (at your option) any later version.

 This library is distributed in the hope that it will be useful,
 but WITHOUT ANY WARRANTY; without even the implied warranty of
 MERCHANTABILITY or FITNESS FOR A PARTICULAR PURPOSE. See the GNU
 Lesser General Public License for more details.

 You should have received a copy of the GNU Lesser General Public
 License along with this library; if not, write to the Free Software
 Foundation, Inc., 51 Franklin St, Fifth Floor, Boston, MA 02110-1301, USA

-->

<rules lang="pt" xsi:noNamespaceSchemaLocation="../rules.xsd" xmlns:xsi="http://www.w3.org/2001/XMLSchema-instance" xmlns:xs="http://www.w3.org/2001/XMLSchema">

<!-- Unification rules retrieved from galician grammar.xml - START-->
    <unification feature="number">
        <equivalence type="singular">
            <token postag="(N..|[ADP]...|V....)S.*" postag_regexp="yes"/>
        </equivalence>

        <equivalence type="plural">
            <token postag="(N..|[ADP]...|V....)P.*" postag_regexp="yes"/>
        </equivalence>
    </unification>

    <unification feature="gender">
        <equivalence type="masc">
            <token postag="(N.|[ADP]..|V...)[MC].*" postag_regexp="yes"/>
        </equivalence>

        <equivalence type="fem">
            <token postag="(N.|[ADP]..|V...)[FC].*" postag_regexp="yes"/>
        </equivalence>
    </unification>

    <unification feature="person">
        <equivalence type="first">
            <token postag="(V...|PP)1.*" postag_regexp="yes"/>
        </equivalence>
        <equivalence type="second">
            <token postag="(V...|PP)2.*" postag_regexp="yes"/>
        </equivalence>
        <equivalence type="third">
            <token postag="(V...|PP)3.*" postag_regexp="yes"/>
        </equivalence>
    </unification>
<!-- Unification rules retrieved from galician grammar.xml - END  -->

<category id="EUROPEAN_PORTUGUESE" name="Português de Portugal">

	<!-- COMPOSTAS Colocações pronominais com três termos	       -->
	<!-- Created by  Tiago F. Santos , Portuguese rule, 2016-11-04 -->
  <rule id='HIFENIZADOR_VERBOS_1' name='Colocações pronominais três termos'>
    <pattern>
		<token postag='V.*' postag_regexp='yes'>
			<exception regexp='yes'>como|para|casa</exception></token>
		<token regexp='yes'>m[aeo]s?|t[aeo]s?|s[aeo]|lh[aeo]s?|n[ao]s|vos</token>
		<token regexp='yes'>á|ão|ás|ei|eis|emos|ia|iam|íamos|ias|íeis</token>
    </pattern>
	<message>Palavra composta. Pretende dizer</message><suggestion>\1‑\2‑\3</suggestion>
	<url>https://pt.wikipedia.org/wiki/Coloca%C3%A7%C3%A3o_pronominal</url>
	<!--		TODO Write better examples		-->
	<example correction='dar‑nos‑á'><marker>dar nos á</marker>.</example>
  </rule>


	<!-- COMPOSTAS Colocações pronominais com dois termos	       -->
	<!-- Created by  Tiago F. Santos , Portuguese rule, 2016-11-04 -->
  <rule default='off' id='HIFENIZADOR_VERBOS_2' name='Colocações pronominais dois termos'>
	<!-- 		Brazilian Portuguese has inverted colocations  -->
    <pattern>
		<token postag='V.*' postag_regexp='yes'></token>
		<token regexp='yes'>m[aeo]s?|t[aeo]s?|lh[aeo]s?|vos</token>
	<!--NOTE DO NOT INCLUDE a,o,as,os,se,nos,nas. They produce too many
			false positives (Determinants & Contractions)  -->
    </pattern>
	<message>Palavra composta. Pretende dizer</message><suggestion>\1‑\2</suggestion>
	<url>https://pt.wikipedia.org/wiki/Coloca%C3%A7%C3%A3o_pronominal</url>
	<!--		TODO Write better examples		-->
	<example correction='dar‑me'><marker>dar me</marker>.</example>
  </rule>

</category>

</rules>
