<?xml version="1.0" encoding="UTF-8"?>
<?xml-stylesheet type="text/xsl" href="../../../../../../../../../languagetool-core/src/main/resources/org/languagetool/rules/print.xsl" title="Pretty print" ?>
<?xml-stylesheet type="text/css" href="../../../../../../../../../languagetool-core/src/main/resources/org/languagetool/rules/rules.css" title="Easy editing stylesheet" ?>
<!--
 Portugues Disambiguation Rules for LanguageTool
 Copyright (C) 2016 Tiago F. Santos
-->
<!DOCTYPE rules [
    <!ENTITY meses_ano_abrev "jan|fev|mar|abr|mai|jun|jul|ago|set|out|nov|dez">
    <!ENTITY meses_ano "janeiro|fevereiro|março|abril|maio|junho|julho|agosto|setembro|outubro|novembro|dezembro">
    <!ENTITY dias_semana_abrev "seg|ter|qua|qui|sex|sáb|dom">
    <!ENTITY dias_semana "segunda|terça|quarta|quinta|sexta|sábado|domingo">

    <!ENTITY contracoes_MS "ao|do|dum|dele|deste|desse|daquele|disto|disso|daquilo|doutro|no|num|nele|nesse|neste|naquele|nisto|nisso|naquilo|noutro|pelo|algum|mo|to|lho">
    <!ENTITY contracoes_FS "à|da|duma|dela|desta|dessa|daquela|doutra|na|numa|nela|nessa|nesta|naquela|noutra|pela|alguma|ma|ta|lha">
    <!ENTITY contracoes_MP "aos|dos|duns|deles|destes|desses|daqueles|doutros|nos|nuns|neles|nesses|nestes|naqueles|noutros|pelos|alguns|mos|tos|lhos">
    <!ENTITY contracoes_FP "às|das|dumas|delas|destas|dessas|daquelas|doutras|nas|numas|nelas|nessas|nestas|naquelas|noutras|pelas|algumas|mas|tas|lhas">

    <!ENTITY pontos_cardeais "norte|sul|este|oeste|ocidente|oriente|nascente|poente|nordeste|sudeste|noroeste|sudoeste">
    <!ENTITY numero_por_extenso "uma?|d(ois|uas)|três|quatro|cinco|seis|sete|oito|nove|dez|dezena|dezenas|onze|doze|treze|catorze|quinze|dez[ae]sseis|dez[ae]ssete|dezoito|dezanove|vinte|trinta|quarenta|cinquenta|sessenta|setenta|oitenta|noventa|cem|centos?|duzentos|trezentos|quatrocentos|quinhentos|seiscentos|setecentos|oitocentos|novecentos|mil|milhão|milhões|bilião|biliões|trilião|triliões">
]>

<rules lang="pt" xsi:noNamespaceSchemaLocation="../../../../../../../../../languagetool-core/src/main/resources/org/languagetool/resource/disambiguation.xsd" xmlns:xsi="http://www.w3.org/2001/XMLSchema-instance" xmlns:xs="http://www.w3.org/2001/XMLSchema">

  <!-- 		l18n from Spanish disambiguation.xml by Tiago F. Santos		-->
  <unification feature="number">
    <equivalence type="S">
      <token postag="(N.{2}|[ADP].{3}|V.{4})[SN].*" postag_regexp="yes"/>
    </equivalence>
    <equivalence type="P">
      <token postag="(N.{2}|[ADP].{3}|V.{4})[PN].*" postag_regexp="yes"/>
    </equivalence>
  </unification>
  <unification feature="gender">
    <equivalence type="M">
      <token postag="(N.|[ADP].{2}|V.{3})[CM].*" postag_regexp="yes"/>
    </equivalence>
    <equivalence type="F">
      <token postag="(N.|[ADP].{2}|V.{3})[CF].*" postag_regexp="yes"/>
    </equivalence>
  </unification>

  <!--		multiwords.txt related			-->
  <rulegroup id="nomes_proprios_multiword" name="nomes proprios em multiwords">
  <!-- 	Rulegroup retrieved from Catalan grammar.xml	-->
      <rule id="nomeproprio2palavras_filtra" name="nome proprio 3 palavras">
          <pattern>
              <token postag="&lt;NP.*&gt;" postag_regexp="yes"></token>
              <token postag="&lt;/NP.*&gt;" postag_regexp="yes"></token>
          </pattern>
          <disambig action="filterall"/>
      </rule>
      <rule id="nomeproprio3palavras" name="nome proprio 3 palavras">
          <pattern>
              <token postag="&lt;NP.*&gt;" postag_regexp="yes"></token>
              <marker>
                  <token/>
              </marker>
              <token postag="&lt;/NP.*&gt;" postag_regexp="yes"></token>
          </pattern>
          <disambig action="add"><wd lemma="NP" pos="NP00000"/></disambig>
      </rule>
      <rule id="nomeproprio4palavras" name="nome proprio 4 palavras">
          <pattern>
              <token postag="&lt;NP.*&gt;" postag_regexp="yes"></token>
              <marker>
                  <token/>
                  <token/>
              </marker>
              <token postag="&lt;/NP.*&gt;" postag_regexp="yes"></token>
          </pattern>
          <disambig action="add"><wd lemma="NP" pos="NP00000"/><wd lemma="NP" pos="NP00000"/></disambig>
      </rule>
      <rule id="nomeproprio3palavras_filtra" name="nome proprio 3 palavras">
          <pattern>
              <token postag="&lt;NP.*&gt;" postag_regexp="yes"></token>
              <token postag="NP00000"/>
              <token postag="&lt;/NP.*&gt;" postag_regexp="yes"></token>
          </pattern>
          <disambig action="filterall"/>
      </rule>
      <rule id="nomeproprio4palavras-filtra" name="nome proprio 4 palavras">
          <pattern>
              <token postag="&lt;NP.*&gt;" postag_regexp="yes"></token>
              <token postag="NP00000"/>
              <token postag="NP00000"/>
              <token postag="&lt;/NP.*&gt;" postag_regexp="yes"></token>
          </pattern>
          <disambig action="filterall"/>
      </rule>
  </rulegroup>
  <rulegroup id="nomcomú_multiword" name="noms comuns en multiwords">
	<!-- 	Rulegroup retrieved from Catalan grammar.xml	-->
      <rule id="nomecomum2palavras" name="nome comúm 2 palavras">
          <pattern>
              <marker>
                  <token postag="&lt;NCFS000&gt;"/>
                  <token postag="&lt;/NCFS000&gt;"/>
              </marker>
          </pattern>
          <disambig action="replace"><wd pos="NCFS000"/><wd pos="AQ0FS0"/></disambig>
      </rule>
      <rule>
          <pattern>
              <marker>
                  <token postag="&lt;NCMS000&gt;"/>
                  <token postag="&lt;/NCMS000&gt;"/>
              </marker>
          </pattern>
          <disambig action="replace"><wd pos="NCMS000"/><wd pos="AQ0MS0"/></disambig>
      </rule>
      <rule>
          <pattern>
              <marker>
                  <token postag="&lt;NCMN000&gt;"/>
                  <token postag="&lt;/NCMN000&gt;"/>
              </marker>
          </pattern>
          <disambig action="replace"><wd pos="NCMN000"/><wd pos="AQ0MN0"/></disambig>
      </rule>
      <rule>
          <pattern>
              <marker>
                  <token postag="&lt;NCMN000&gt;"/>
                  <token/>
                  <token postag="&lt;/NCMN000&gt;"/>
              </marker>
          </pattern>
          <disambig action="replace"><wd pos="NCMN000"/><wd pos="AQ0MN0"/><wd pos="AQ0MN0"/></disambig>
      </rule>
      <rule>
          <pattern>
              <marker>
                  <token postag="&lt;_GN_.*" postag_regexp="yes"/>
                  <token postag="&lt;/_GN_.*" postag_regexp="yes"/>
              </marker>
          </pattern>
          <disambig action="filterall"></disambig>
      </rule>
      <rule>
          <pattern>
              <marker>
                  <token postag="&lt;_GN_.*" postag_regexp="yes"/>
                  <token/>
                  <token postag="&lt;/_GN_.*" postag_regexp="yes"/>
              </marker>
          </pattern>
          <disambig action="filterall"></disambig>
      </rule>
      <rule>
          <pattern>
              <token postag="&lt;_GN_.*" postag_regexp="yes"/>
              <marker>
                  <token/>
              </marker>
              <token postag="&lt;/_GN_.*" postag_regexp="yes"/>
          </pattern>
          <disambig action="replace"><wd pos="_GN_"/></disambig>
      </rule>
  </rulegroup>
  <rulegroup id="VAN_GOGH" name="van Gogh">
	<!-- 	Rulegroup retrieved from Catalan grammar.xml	-->
      <rule>
          <pattern>
              <marker>
                  <token>van</token>
              </marker>
              <token regexp="yes">(?-i)Aartsen|Agt|Allen|Asperen|Baaren|Basten|Beethoven|Beinum|Belin|Bommel|Bree|Buren|Campen|Dam|Delden|der|Dijk|Dine|Dong|Dyck|Egmond|Eyck|Gaal|Goethem|Gogh|Halen|Hauwe|Hemel|Immersel|Kempen|Lier|Maldere|Marwijk|Mill|Morrison|Nieuwkerk|Nistelrooy|Otterloo|Persie|Petegem|Ragin|Rensburg|Rompuy|Schalkwyk|Someren|Vaart|Val|Valen|Van|Vliet|Vlijmen|Wassenaer</token>
          </pattern>
          <disambig action="replace"><wd pos="NPCNSP0"/></disambig>
      </rule>
      <rule>
          <pattern>
              <token regexp="yes">\p{Lu}.+</token>
              <marker>
                  <token>van</token>
              </marker>
              <token regexp="yes">\p{Lu}.+</token>
          </pattern>
          <disambig action="replace"><wd pos="NPCNSP0"/></disambig>
      </rule>
      <rule>
          <pattern>
              <token regexp="yes">\p{Lu}.+</token>
              <marker>
                  <token>van</token>
              </marker>
              <token regexp="yes">den|der</token>
              <token regexp="yes">\p{Lu}.+</token>
          </pattern>
          <disambig action="replace"><wd pos="NPCNSP0"/></disambig>
      </rule>
  </rulegroup>
  <rule id="DA_VINCI" name="da Vinci">
	<!-- 		Rule retrieved from Catalan grammar.xml		-->
      <pattern>
          <marker>
              <token>da</token>
          </marker>
          <token regexp="yes">(?-i)Cividale|Morte|Costa|Lingua|Língua|Gagliano|Palestrina|Perugia|Silva|Cunha|Gama|Viadana|Vinci</token>
      </pattern>
      <disambig action="replace"><wd pos="NPCNSP0"/></disambig>
  </rule>

	  <!-- Si : Pronoun or Musical note				-->
	  <!-- Created by Tiago F. Santos, Portuguese rule, 2016-11-19  -->
  <rule id="SPS_SI" name="Preposição + Si">
    <pattern>
      <token postag="SP.*" postag_regexp="yes"/>
      <marker>
        <token>si</token>
      </marker>
    </pattern>
    <disambig action="filter" postag="PP.*"/>
  </rule>


  <!-- D_R_N : Det + Advérbio + Nome				-->
  <!-- 		l18n from Spanish disambiguation.xml by Tiago F. Santos		-->
  <rule id="D_R_N" name="Det + Adv + Nom">
    <pattern>
      <token postag="D.*" postag_regexp="yes"/>
      <marker>
        <token postag="R.*" postag_regexp="yes"/>
      </marker>
      <token postag="N.*" postag_regexp="yes"><exception>são</exception><exception postag="(C|SP).*" postag_regexp="yes"/></token>
    </pattern>
    <disambig action="filter" postag="R.*"/>
  </rule>

  <!-- DDN : Determinante possesivo + Determinante indefinido + Nome -->
  <!-- 		l18n from Spanish disambiguation.xml by Tiago F. Santos		-->
  <rule id="DDN_u" name="Det + Nom + Adj">
    <pattern>
      <marker>
        <unify>
          <feature id="gender"/>
          <feature id="number"/>
          <token postag="D.*" postag_regexp="yes"/>
          <token postag="D.*" postag_regexp="yes"/>
          <token postag="N.*" postag_regexp="yes"/>
        </unify>
      </marker>
    </pattern>
    <disambig action="unify"/>
  </rule>

  <!-- DNA : Det + Nome + adjetivo-->
  <!-- 		l18n from Spanish disambiguation.xml by Tiago F. Santos		-->
  <rule id="DNA" name="Det + Nom + Adj">
    <pattern>
      <marker>
        <unify>
          <feature id="gender"/>
          <feature id="number"/>
          <token postag="D.*" postag_regexp="yes"/>
          <token postag="N.*" postag_regexp="yes"/>
          <token postag="A.*" postag_regexp="yes"/>
        </unify>
      </marker>
    </pattern>
    <disambig action="unify"/>
    <example inputform="uma[um/DI0FS0,um/NCFS000,um/PI0FS000]" outputform="uma[um/DI0FS0]" type="ambiguous">É <marker>uma</marker> ocasião romântica.</example>
    <example type="untouched">É uma romântica ocasião.</example>
  </rule>

  <!-- DAN : Determinante + Adjetivo + Nome-->
  <!-- 		l18n from Spanish disambiguation.xml by Tiago F. Santos		-->
  <rule id="DAN" name="Det + Adj + Nom">
    <pattern>
      <marker>
        <unify>
          <feature id="gender"/>
          <feature id="number"/>
          <token postag="D.*" postag_regexp="yes"/>
          <token postag="A.*" postag_regexp="yes"/>
          <token postag="N.*" postag_regexp="yes"><exception postag="[DC].*" postag_regexp="yes"/><exception regexp="yes">de|são</exception></token>
        </unify>
      </marker>
    </pattern>
    <disambig action="unify"/>
    <example inputform="uma[um/DI0FS0,um/NCFS000,um/PI0FS000]" outputform="uma[um/DI0FS0]" type="ambiguous">É <marker>uma</marker> romântica ocasião.</example>
    <example type="untouched">É uma ocasião romântica.</example>
  </rule>

  <!-- NSN : Nom + Nom/Prep + Nom/Adj = prep -->
  <!-- 		l18n from Spanish disambiguation.xml by Tiago F. Santos		-->
  <rule id="NSN" name="Nom + Nom/Prep + Nom/Adj">
    <pattern>
      <token postag="N.*" postag_regexp="yes"><exception postag="RN|CS" postag_regexp="yes"/></token>
      <marker>
        <token postag="S.*" postag_regexp="yes"/>
      </marker>
      <token postag="[NA].*" postag_regexp="yes"/>
    </pattern>
    <disambig action="filter" postag="S.*"/>
  </rule>

  <!-- ANA : Adj + Nom/Adj + Adj = Nom -->
  <!-- 		l18n from Spanish disambiguation.xml by Tiago F. Santos		-->
  <rule id="ANA" name="Adj + Nom/Adj + Adj">
    <pattern>
      <token postag="A.*" postag_regexp="yes"><exception postag="N.*" postag_regexp="yes"/></token>
      <marker>
        <and>
          <token postag="N.*" postag_regexp="yes"/>
          <token postag="A.*" postag_regexp="yes"/>
        </and>
      </marker>
      <token postag="A.*" postag_regexp="yes"><exception postag="N.*" postag_regexp="yes"/></token>
    </pattern>
    <disambig action="filter" postag="N.*"/>
  </rule>

  <!-- Verbo + Preposição: p.ex. 'a' como preposição depois de verbo	-->
  <!-- Created by Tiago F. Santos, Portuguese rule, 2016-11-15  	-->
  <!-- https://pt.wikipedia.org/wiki/A_(preposi%C3%A7%C3%A3o)		-->
 <rulegroup id="A_PREPOSIÇÂO" name="verbo + a (preposição)">
  <rule>
    <pattern>
        <marker>
            <token>a</token>
        </marker>
        <token postag="R.*|Z." postag_regexp="yes"/>
    </pattern>
    <disambig action="filter" postag="S.*"/> 
  </rule>
  <rule>
    <pattern>
        <marker>
            <token>a</token>
        </marker>
    <token regexp='yes'>mim|ti|si|[nv]ós|el[ae]s?|cavalo|convite|domícilio|fim|par|poucos?|muitos?|princípio|tempo|favor|exemplo|rigor|sério|título</token>
    </pattern>
    <disambig action="filter" postag="S.*"/> 
  </rule>  
  <rule>
    <pattern>
        <marker>
            <token>a</token>
        </marker>
    <token regexp='yes'>longo|sangue|todo</token>
    <token regexp='yes'>prazo|frio|custo</token>
    </pattern>
    <disambig action="filter" postag="S.*"/> 
  </rule>
  <rule>
    <pattern>
        <token postag="V.*" postag_regexp="yes"/>
    <token min='0' postag='R.' postag_regexp='yes'/>
        <marker>
            <token>a</token>
        </marker>
    </pattern>
    <disambig action="filter" postag="S.*"/>
  </rule>
  <rule>
    <pattern>
        <token regexp='yes'>restrit[ao]s?|próximo</token>
        <marker>
            <token>a</token>
        </marker>
    </pattern>
    <disambig action="filter" postag="S.*"/>
  </rule>
  <rule>
    <pattern>
    <token inflected='yes'>ser</token>
    <token postag='A.*' postag_regexp='yes'/>
        <marker>
            <token>a</token>
        </marker>
    </pattern>
    <disambig action="filter" postag="S.*"/>
  </rule>
 </rulegroup>
  
  <!-- 		Does not apply to all portuguese variants	  -->
  <!--P_V Quando está a frente de um verbo, trata-se de um pronome-->
  <!-- 		l18n from Spanish disambiguation.xml by Tiago F. Santos		-->
<!--  <rule id="P_V" name="Pronome + Verbo">
    <pattern>
      <marker>
        <and>
          <token postag="D.*" postag_regexp="yes"/>
          <token postag="[PN].*" postag_regexp="yes"/>
        </and>
      </marker>
      <token postag="V.*" postag_regexp="yes"><exception postag="N|V.N.*" postag_regexp="yes"/></token>
    </pattern>
    <disambig action="filter" postag="P.*|N.*"/>
  </rule>-->

  <!--D_AN Atrás de um determinante, está o nome e não o adjetivo-->
  <!-- 		l18n from Spanish disambiguation.xml by Tiago F. Santos		-->
<!--	TODO Resolve confict with Rule O_ADJ-PLURAL[1]
  <rule id="D_AN" name="Art + Nom/Adj = Nom">
    <pattern>
      <token postag="D.*" postag_regexp="yes"><exception postag="R.*" postag_regexp="yes"/></token>
      <marker>
        <and>
          <token postag="N.*" postag_regexp="yes"/>
          <token postag="A.*" postag_regexp="yes"/>
          <token negate_pos="yes" postag="V.*" postag_regexp="yes"/>
        </and>
      </marker>
      <token negate_pos="yes" postag="N.*" postag_regexp="yes"/>
    </pattern>
    <disambig action="filter" postag="N.*"/>
    <example inputform="branca[branco/AQ0FS0,branco/NCFS000]" outputform="branca[branco/NCFS000]" type="ambiguous">Não gosto da camisa <marker>branca</marker>.</example>
    <example type="untouched">Eram demasiado sinistros.</example>
  </rule>
-->

  <!-- D_N Quando está diante de um nome, trata-se de um determinante.-->
  <!-- 		l18n from Spanish disambiguation.xml by Tiago F. Santos		-->
  <rule id="D_N" name="Artigo + Nome">
    <pattern>
      <marker>
        <token postag="D.*" postag_regexp="yes"><exception postag="R.*" postag_regexp="yes"/></token>
      </marker>
      <token postag="[PNA].*" postag_regexp="yes"><exception postag="V.*" postag_regexp="yes"/></token>
    </pattern>
    <disambig action="filter" postag="D.*"/>
  </rule>
  
  <!-- P_N Possesivo + nome -->
  <!-- 		l18n from Spanish disambiguation.xml by Tiago F. Santos		-->
  <rule id="PN" name="Pos + Nom ">
    <pattern>
      <marker>
        <unify>
          <feature id="gender"/>
          <feature id="number"/>
          <token postag="DP.*" postag_regexp="yes"/>
          <token postag="N.*" postag_regexp="yes"><exception postag="C.|S.*|R.*" postag_regexp="yes"/></token>
        </unify>
      </marker>
    </pattern>
    
    <disambig action="unify"/>
    <!--Example: seu irmão-->
  </rule>
  
  <rule id="PUNCT" name="pontuação">
  <!-- 		l18n from Spanish disambiguation.xml by Tiago F. Santos		-->
    <pattern>
      <token regexp="yes">[.,;:!?…()\[\]&#8210;&#8211;&#8212;&#8213;\-]</token>
    </pattern>
    <disambig action="add"><wd pos="_PUNCT"></wd></disambig>
  </rule>

  <rule id='PHONETIC_INFINITIVE_FIX' name='correção de infinitivo fonético'>
  	<pattern>
  	  <token postag="VMN0000" regexp='yes'>.+[^r]$</token>
  	</pattern>
  	<disambig action="remove" postag="V.N.*"/>
  </rule>

    <rulegroup name="Quotation marks" id="QUOT">
  <!-- 		l18n from English disambiguation.xml by Tiago F. Santos		-->
        <rule>
            <pattern>
                <token postag="SENT_START"/>
                <marker>
                    <token>&quot;</token>
                </marker>
            </pattern>
            <disambig postag="``"/>
            <example type="untouched">Examplo 'a'</example>
            <example type="untouched">Examplo &quot;a</example>
            <example type="ambiguous" inputform="&quot;[&quot;/'',&quot;/``]" outputform="&quot;[&quot;/``]"><marker>&quot;</marker>Um teste.</example>
        </rule>
        <rule>
            <pattern>
                <token><exception regexp="yes">\p{Ps}</exception></token>
                <marker>
                    <and>
                        <token postag="``" spacebefore="no">&quot;</token>
                        <token postag="''" spacebefore="no">&quot;</token>
                    </and>
                </marker>
            </pattern>
            <disambig postag="''"/>
            <example type="untouched">Examplo 'a'</example>
            <example type="untouched">Examplo &quot;a</example>
            <example type="untouched">Examplo (&quot;a</example>
            <example type="ambiguous" inputform="&quot;[&quot;/'',&quot;/``]" outputform="&quot;[&quot;/'']">Um &quot;teste<marker>&quot;</marker>.</example>
        </rule>
        <rule>
            <pattern>
                <marker>
                    <and>
                        <token postag="''" spacebefore="yes">&quot;</token>
                        <token postag="``" spacebefore="yes">&quot;</token>
                    </and>
                </marker>
            </pattern>
            <disambig postag="``"/>
            <example type="untouched">Examplo 'a'</example>
            <example type="untouched">Examplo a&quot;</example>
            <example type="ambiguous" inputform="&quot;[&quot;/'',&quot;/``]" outputform="&quot;[&quot;/``]">Um <marker>&quot;</marker>teste&quot;.</example>
        </rule>
        <rule>
            <pattern>
                <token regexp="yes">\p{Ps}</token>
                <marker>
                    <and>
                        <token postag="``" spacebefore="no">&quot;</token>
                        <token postag="''" spacebefore="no">&quot;</token>
                    </and>
                </marker>
            </pattern>
            <disambig postag="``"/>
            <example type="untouched">Examplo 'a'</example>
            <example type="untouched">Examplo &quot;a</example>
            <example type="untouched">Examplo a&quot;</example>
            <example type="ambiguous" inputform="&quot;[&quot;/'',&quot;/``]" outputform="&quot;[&quot;/``]">Um (<marker>&quot;</marker>teste&quot;.</example>
        </rule>
    </rulegroup>

    <rulegroup id="PERIFRASES" name="perífrases de infinitivo">
  <!-- 		l18n from Galician disambiguation.xml by Tiago F. Santos		-->
        <rule>
            <pattern>
                <token inflected="yes" regexp="yes">haver|ter</token>
                <token>que</token>
                <marker>
                    <token postag="VMN0000"><exception negate_pos="yes" postag="V.*" postag_regexp="yes"/></token>
                </marker>
            </pattern>

            <disambig postag="VMN0000"/>
        </rule>
        <rule>
            <pattern>
                <token inflected="yes" regexp="yes">estar|andar|levar|continuar|seguir|ser|colocar|começar|pegar|vir|chegar|voltar|tornar|romper|pôr</token>
                <token>a</token>
                <marker>
                    <token postag="VMN0000"><exception negate_pos="yes" postag="V.*" postag_regexp="yes"/></token>
                </marker>
            </pattern>

            <disambig postag="VMN0000"/>
        </rule>
        <rule>
            <pattern>
                <token inflected="yes" regexp="yes">dever|haver|deixar|parar|acabar|rematar|terminar|vir|ter</token>
                <token>de</token>
                <marker>
                    <token postag="VMN0000"><exception negate_pos="yes" postag="V.*" postag_regexp="yes"/></token>
                </marker>
            </pattern>

            <disambig postag="VMN0000"/>
        </rule>
        <rule>
            <pattern>
                <token inflected="yes">acabar</token>
                <token>por</token>
                <marker>
                    <token postag="VMN0000"><exception negate_pos="yes" postag="V.*" postag_regexp="yes"/></token>
                </marker>
            </pattern>
            <disambig postag="VMN0000"/>
        </rule>
        <rule>
            <pattern>
                <token inflected="yes">estar</token>
                <token>para</token>
                <marker>
                    <token postag="VMN0000"><exception negate_pos="yes" postag="V.*" postag_regexp="yes"/></token>
                </marker>
            </pattern>
            <disambig postag="VMN0000"/>
        </rule>
        <rule>
            <pattern>
                <token inflected="yes">dar</token>
                <token>em</token>
                <marker>
                    <token postag="VMN0000"><exception negate_pos="yes" postag="V.*" postag_regexp="yes"/></token>
                </marker>
            </pattern>
            <disambig postag="VMN0000"/>
        </rule>
        <rule>
            <pattern>
                <token inflected="yes" regexp="yes">querer|ir|dever|haver|poder|voltar|adoptar|adotar|acostumar</token>
                <marker>
                    <token postag="VMN0000"><exception negate_pos="yes" postag="V.*" postag_regexp="yes"/></token>
                </marker>
            </pattern>
            <disambig postag="VMN0000"/>
        </rule>
    </rulegroup>

   <rule id="VOGAIS" name="[^o|letra] e[subst|conj] (e[subst])">
  <!-- 		l18n from Galician disambiguation.xml by Tiago F. Santos		-->
        <pattern>
            <token><exception regexp="yes">os?|letras?|voga(l|is)</exception></token>
            <marker>
                <token regexp="yes">[aeo]</token>
            </marker>
        </pattern>

        <disambig action="remove"><wd pos="NCMS000"/></disambig>
    </rule>

 <rulegroup  id="NUMBER" name="number">
  <!-- Created by Tiago F. Santos, Portuguese rule, 2016-11-15  	-->
   <rule>
     <pattern>
       <token regexp="yes">[1234567890]+</token>
     </pattern>
     <disambig postag="Z0"/>
   </rule>
   <rule>
     <pattern>
       <token regexp="yes">[1234567890][1234567890., ]+[1234567890]</token>
     </pattern>
     <disambig postag="Z0"/>
   </rule>
   <rule>
     <pattern>
         <token regexp="yes">&numero_por_extenso;</token>
         <token min='0' regexp='yes'>e|-</token>
         <token regexp="yes">&numero_por_extenso;</token>
     </pattern>
     <disambig action="add"><wd pos="Z0"/><wd pos="Z0"/><wd pos="Z0"/></disambig>
    </rule>
   <rule>
     <pattern>
         <token regexp="yes">&numero_por_extenso;<exception regexp='yes'>uma?</exception></token>
     </pattern>
     <disambig action="add"><wd pos="Z0"/></disambig>
    </rule>
  </rulegroup>

 <rulegroup id="ROMAN_NUMBER" name="roman number">
  <!-- 		l18n from french and catalan disambiguation.xml by Tiago F. Santos		-->
  <rule>
    <pattern>
      <token regexp="yes" case_sensitive="yes">(?=[MDCLXVI])M*(C[MD]|D?C*)(X[CL]|L?X*)(I[XV]|V?I*)</token>
    </pattern>
    <disambig postag="ZR"/>
  </rule>
  <rule>
      <pattern case_sensitive="yes">
          <marker>
              <token regexp="yes">(?=.)M{0,4}(CM|CD|D?C{0,3})(XC|XL|L?X{0,3})(IX|IV|V?I{0,3})</token>
          </marker>
      </pattern>
      <disambig action="add"><wd pos="AO0CN0"/></disambig>
  </rule>
  <rule>
      <pattern case_sensitive="yes">
          <marker>
              <token regexp="yes" spacebefore="yes">(?=.)m{0,4}(cm|cd|d?c{0,3})(xc|xl|l?x{0,3})(ix|i{0,3}|iv|v|viii?)</token>
          </marker>
      </pattern>
      <disambig action="add"><wd pos="AO0CN0"/></disambig>
  </rule>
  <rule>
      <pattern case_sensitive="yes">
          <token postag="SENT_START"/>
          <marker>
              <token regexp="yes">(?=.)m{0,4}(cm|cd|d?c{0,3})(xc|xl|l?x{0,3})(ix|i{0,3}|iv|v|viii?)</token>
          </marker>
      </pattern>
      <disambig action="add"><wd pos="AO0CN0"/></disambig>
  </rule>
  <rule>
      <pattern case_sensitive="yes">
          <token>-</token>
          <marker>
              <token regexp="yes">(?=.)m{0,4}(cm|cd|d?c{0,3})(xc|xl|l?x{0,3})(ix|i{0,3}|iv|v|viii?)</token>
          </marker>
      </pattern>
      <disambig action="add"><wd pos="AO0CN0"/></disambig>
  </rule>
 </rulegroup>

<!-- FIXME Percentage number and gender agrees with the noun it refers to. Disambiguate better.
 <rule id="PERCENTAGE" name="percentagens">
     <pattern>
     TODO Requires tokenizer changes
         <token regexp="yes">[\d,. ]+[&#37;&#8240;&#8241;]</token>
     </pattern>
     <disambig action="replace"><wd pos="NCMS000"/></disambig>
 </rule>
-->

<!-- TODO º and ª symbols are oftenly confused in Wikipedia with the degree simbol (°). -->
 <rule id="NUMBER_DEGREE" name="número+graus">
     <pattern>
         <token regexp="yes">[\d,. ]+[°′″‴][CFKNSEWO]?</token>
     </pattern>
     <disambig action="replace"><wd pos="NCMP000"/></disambig>
 </rule>

 <rule id="DEGREE" name="graus">
     <pattern>
         <token regexp="yes">°[CFKNSEWO]</token>
     </pattern>
     <disambig action="replace"><wd pos="NCMN000"/></disambig>
 </rule>

 <rule id="ONE_DEGREE" name="1 grau">
     <pattern>
         <token regexp="yes">1[°′″‴][CFKNSEWO]?</token>
     </pattern>
     <disambig action="replace"><wd pos="NCMS000"/></disambig>
 </rule>

</rules>
