<?xml version="1.0" encoding="UTF-8"?>
<?xml-stylesheet type="text/xsl" href="../print.xsl" 
title="Pretty print" ?>
<?xml-stylesheet type="text/css" href="../rules.css" 
title="Easy editing stylesheet" ?>

<!--
 Portuguese (Portugal - prereform + postreform) - Grammar and Typo Rules for LanguageTool.

 Copyright © 2016 Tiago F. Santos (tiagofsantos81@sapo.pt)
 Copyright © 2016 Marco A.G.Pinto (www.marcoagpinto.com)

 This library is free software; you can redistribute it and/or
 modify it under the terms of the GNU Lesser General Public
 License as published by the Free Software Foundation; either
 version 2.1 of the License, or (at your option) any later version.

 This library is distributed in the hope that it will be useful,
 but WITHOUT ANY WARRANTY; without even the implied warranty of
 MERCHANTABILITY or FITNESS FOR A PARTICULAR PURPOSE. See the GNU
 Lesser General Public License for more details.

 You should have received a copy of the GNU Lesser General Public
 License along with this library; if not, write to the Free Software
 Foundation, Inc., 51 Franklin St, Fifth Floor, Boston, MA 02110-1301, USA

-->

<!DOCTYPE rules [

    <!ENTITY contracoes_MS "ao|do|dum|dele|deste|desse|daquele|disto|disso|daquilo|doutro|no|num|nele|nesse|neste|naquele|nisto|nisso|naquilo|noutro|pelo|algum|mo|to|lho">
    <!ENTITY contracoes_FS "à|da|duma|dela|desta|dessa|daquela|doutra|na|numa|nela|nessa|nesta|naquela|noutra|pela|alguma|ma|ta|lha">
    <!ENTITY contracoes_MP "aos|dos|duns|deles|destes|desses|daqueles|doutros|nos|nuns|neles|nesses|nestes|naqueles|noutros|pelos|alguns|mos|tos|lhos">
    <!ENTITY contracoes_FP "às|das|dumas|delas|destas|dessas|daquelas|doutras|nas|numas|nelas|nessas|nestas|naquelas|noutras|pelas|algumas|mas|tas|lhas">

    <!ENTITY PP_nao_ambiguos "ma|me|mo|mos|ta|te|to|tas|tes|tos|lha|lhe|lho|lhas|lhes|lhos|vos">

]>
<rules lang="pt" xsi:noNamespaceSchemaLocation="../rules.xsd" xmlns:xsi="http://www.w3.org/2001/XMLSchema-instance" xmlns:xs="http://www.w3.org/2001/XMLSchema">

<!-- Unification rules retrieved from galician grammar.xml - START-->
    <unification feature="number">
        <equivalence type="singular">
            <token postag="(N..|[ADP]...|V....)S.*" postag_regexp="yes"/>
        </equivalence>

        <equivalence type="plural">
            <token postag="(N..|[ADP]...|V....)P.*" postag_regexp="yes"/>
        </equivalence>
    </unification>

    <unification feature="gender">
        <equivalence type="masc">
            <token postag="(N.|[ADP]..|V...)[MC].*" postag_regexp="yes"/>
        </equivalence>

        <equivalence type="fem">
            <token postag="(N.|[ADP]..|V...)[FC].*" postag_regexp="yes"/>
        </equivalence>
    </unification>

    <unification feature="person">
        <equivalence type="first">
            <token postag="(V...|PP)1.*" postag_regexp="yes"/>
        </equivalence>
        <equivalence type="second">
            <token postag="(V...|PP)2.*" postag_regexp="yes"/>
        </equivalence>
        <equivalence type="third">
            <token postag="(V...|PP)3.*" postag_regexp="yes"/>
        </equivalence>
    </unification>
<!-- Unification rules retrieved from galician grammar.xml - END  -->

<category id="EUROPEAN_PORTUGUESE" name="Português de Portugal">

	<!-- COMPOSTAS Colocações pronominais com três termos	       -->
	<!-- Created by  Tiago F. Santos , Portuguese rule, 2016-11-04 -->
  <rule id='HIFENIZADOR_VERBOS_1' name='Colocações pronominais três termos'>
    <pattern>
		<token postag='V.*' postag_regexp='yes'>
			<exception regexp='yes'>como|para|casa</exception></token>
		<token regexp='yes'>m[aeo]s?|t[aeo]s?|s[aeo]|lh[aeo]s?|n[ao]s|vos</token>
		<token regexp='yes'>á|ão|ás|ei|eis|emos|ia|iam|íamos|ias|íeis</token>
    </pattern>
	<message>Palavra composta. Pretende dizer</message><suggestion>\1-\2-\3</suggestion>
	<url>https://pt.wikipedia.org/wiki/Coloca%C3%A7%C3%A3o_pronominal</url>
	<!--		TODO Write better examples		-->
	<example correction='dar-nos-á'><marker>dar nos á</marker>.</example>
  </rule>


	<!-- COMPOSTAS Colocações pronominais com dois termos	       -->
	<!-- Created by  Tiago F. Santos , Portuguese rule, 2016-11-04 -->
  <rulegroup id='HIFENIZADOR_VERBOS_2' name='Colocações pronominais dois termos'>
	<!-- 		Brazilian Portuguese has inverted colocations  -->
   <rule>
    <antipattern>
    		<token regexp='yes'>&PP_nao_ambiguos;</token>
		<token postag='V.[PG].*' postag_regexp='yes'></token>
    </antipattern>
    <pattern>
		<token postag='V.*' postag_regexp='yes'></token>
		<token regexp='yes'>&PP_nao_ambiguos;</token>
		<token postag='V.*' postag_regexp='yes'></token>
	<!--NOTE DO NOT INCLUDE a,o,as,os,se,nos,nas,mas. They produce too many
			false positives (Determinants & Contractions)  -->
    </pattern>
	<message>Palavra composta. Pretende dizer</message><suggestion>\1 \3-\2</suggestion>
	<url>https://pt.wikipedia.org/wiki/Coloca%C3%A7%C3%A3o_pronominal</url>
	<example correction='vou dar-te'>Eu <marker>vou te dar</marker> um laptop.</example>
	<example type='correct'>Ela pode ter-me visto na festa.</example>
  </rule>
  <rule>
    <antipattern>
    		<token>-</token>
    		<token regexp='yes'>&PP_nao_ambiguos;</token>
    		<token postag='V.*' postag_regexp='yes'></token>
    </antipattern>
    <pattern>
		<token regexp='yes'>&PP_nao_ambiguos;</token>
		<token postag='V.*' postag_regexp='yes'></token>
	<!--NOTE DO NOT INCLUDE a,o,as,os,se,nos,nas,mas. They produce too many
			false positives (Determinants & Contractions)  -->
    </pattern>
	<message>Palavra composta. Pretende dizer</message><suggestion>\2-\1</suggestion>
	<url>https://pt.wikipedia.org/wiki/Coloca%C3%A7%C3%A3o_pronominal</url>
	<example correction='dou-te'>Eu <marker>te dou</marker> um laptop.</example>
	<example correction='emprestaria-me'>Você <marker>me emprestaria</marker> o seu dicionário?</example>
	<example type='correct'>Ela pode ter-me visto na festa.</example>
  </rule>
  <rule>
    <pattern>
		<token postag='V.*' postag_regexp='yes'></token>
		<token regexp='yes'>&PP_nao_ambiguos;</token>
	<!--NOTE DO NOT INCLUDE a,o,as,os,se,nos,nas,mas. They produce too many
			false positives (Determinants & Contractions)  -->
    </pattern>
	<message>Palavra composta. Pretende dizer</message><suggestion>\1-\2</suggestion>
	<url>https://pt.wikipedia.org/wiki/Coloca%C3%A7%C3%A3o_pronominal</url>
	<!--		TODO Write better examples		-->
	<example correction='dar-me'><marker>dar me</marker>.</example>
  </rule>
 </rulegroup>

	<!--	 DP -> DA + DP [pt-PT] I.e. Sua -> A sua		-->
	<!-- Improved by Tiago F. Santos, Portuguese rule, 2016-10-18 	-->
	<!--     Base rule id="A_SUA" name="a sua" by Marco Pinto	-->
  <rule id="POSSESSIVE_WITHOUT_ARTICLE" name="Determinante possessivo sem artigo">
        <antipattern>
	  <token inflected="yes">ser</token>
	  <token postag='DP.*' postag_regexp='yes'></token>
	</antipattern>
	<antipattern>
	  <token regexp="yes">sua|vossa</token>
	  <token regexp="yes">majestade|realeza|divindade|excelência|eminência</token>
	</antipattern>
	<pattern>
	  <token><exception regexp="yes">[ao]s?|uma?s?|uns|por|em|&contracoes_MS;|&contracoes_MP;|&contracoes_FS;|&contracoes_FP;</exception></token>
	  <token postag='DP.*' postag_regexp='yes'></token>
	</pattern>
	<message>Será que quis dizer:</message>
	<suggestion>\1 <match no='2' postag='DP.(..).' postag_regexp='yes' postag_replace='DA.$1.'>o</match> <match no='2' case_conversion="alllower"/></suggestion>
	<url>https://pt.wikipedia.org/wiki/Portugu%C3%AAs_brasileiro#Artigo_definido_antes_do_possessivo</url>
	<example correction='honrou a sua'>Augusto <marker>honrou sua</marker> memória com um magnífico funeral.</example>
	<example correction='Leve a sua'><marker>Leve sua</marker> irmã no carro.</example>
	<example correction='A minha'><marker>Minha</marker> prancha partiu.</example>
        <example type='correct'>Tudo bem, mas <marker>sua</marker> majestade está zangada.</example>
        <example type='correct'>Tudo bem, mas <marker>vossa</marker> eminência está zangada.</example>
        <example>e o Nuno Leitão que é meu amigo no Facebook e Skype.</example>
<!--        <example type='correct'>Hospital Nossa Senhora da Paz</example> -->
  </rule>

	<!-- EVITAR O GERÚNDIO Evitar o gerúndio em pt-PT	       -->
	<!-- Created by  Tiago F. Santos , Portuguese rule, 2016-11-24 -->
  <rulegroup id='AVOID_GERUND' name='Evitar o Gerúndio (perifrásico)' default='on' type='style'>
	<url>https://pt.wikipedia.org/wiki/Gerundismo</url>
   <rule>
    <pattern>
    		<token inflected='yes' regexp='yes'>estar|andar|ir|vir</token>
		<token postag='V.G0+' postag_regexp='yes'/>
    </pattern>
	<message>Se possível, evite o gerúndio.</message>
        <suggestion>\1 a <match no='2' postag='VMN0000' case_conversion="alllower"/></suggestion>
	<example correction='Vou a olhar'><marker>Vou olhando</marker> para o que acontece.</example>
   </rule>
   <rule>
    <pattern>
    		<token inflected='yes' regexp='yes'>estar|andar|ir|vir</token><!-- TODO Review all cases and confirm it can be safely expanded to more cases-->
    		<token>-</token>
    		<token postag='PP.*' postag_regexp='yes'/>
		<token postag='V.G0+' postag_regexp='yes'>
			<exception postag='V.G0+' postag_regexp='yes' negate_pos='yes'/></token>
    </pattern>
	<message>Se possível, evite o gerúndio.</message>
        <suggestion>\1\2\3 <match no='4' postag='VMN0000' case_conversion="alllower"/></suggestion>
	<example correction='iam-se acender'>As luzes <marker>iam-se acendendo</marker> à medida que ela passava.</example>
   </rule>
   <rule>
    <pattern>
    		<token postag='V.+' postag_regexp='yes'>
    			<exception negate_pos='yes' postag='V.+' postag_regexp='yes'/></token>
		<token postag='V.G0+' postag_regexp='yes'>
			<exception postag='V.G0+' postag_regexp='yes' negate_pos='yes'/></token>
    </pattern>
	<message>Se possível, evite o gerúndio.</message>
        <suggestion>\1 a <match no='2' postag='VMN0000' case_conversion="alllower"/></suggestion>
	<example correction='continua a ser'>O processo básico <marker>continua sendo</marker> o mesmo.</example>
	<example correction='está a soprar'>...ventos do oeste, <marker>está soprando</marker> por cima das águas...</example>
        <example correction='Vou a olhar'><marker>Vou olhando</marker> para o que acontece.</example><!-- TODO This may be correct in some circunstances. REVIEW -->
   </rule>
  </rulegroup>

	<!-- EVITAR O GERÚNDIO Evitar o gerúndio em pt-PT	       -->
	<!-- Created by  Tiago F. Santos , Portuguese rule, 2016-11-24 -->
  <rule id='AVOID_ALL_GERUND' name='Evitar o Gerúndio (completo)' default='off' type='style'>
    <pattern>
		<token postag='V.G0+' postag_regexp='yes'>
			<exception postag='V.G0+' postag_regexp='yes' negate_pos='yes'/></token>
    </pattern>
	<message>Se possível, evite o gerúndio.</message>
        <suggestion>a <match no='1' postag='VMN0000' case_conversion="alllower"/></suggestion>
	<url>https://pt.wikipedia.org/wiki/Gerundismo</url>
	<example correction='a soprar'>...ventos do oeste, está <marker>soprando</marker> por cima das águas...</example>
	<example correction='a acender'>As luzes iam-se <marker>acendendo</marker> à medida que ela passava.</example>
  </rule>

    <!-- EQUIPES: NAS/EM/NUMAS/SUAS/NOSSAS/VOSSAS/TUAS EQUIPES -> equipas -->
    <!-- Created by  Marco A.G.Pinto , Portuguese rule -->
    <rule default='on' id="EQUIPES" name="Confusão Equipes - Equipas">
      <pattern>
        <token regexp="yes">nas|em|numas|suas|nossas|vossas|tuas</token>
        <marker>
        	<token>equipes</token>
        </marker>
      </pattern>
      <message>Grafia do Brasil. Substituir «equipes» por <suggestion>equipas</suggestion>.</message>
      <example correction="equipas">As nossas <marker>equipes</marker> são boas.</example>
    </rule>

    <!-- O/DE/DO/SOB CONTROLE o/de/do controlo -->
    <!-- Created by  Marco A.G.Pinto , Portuguese rule -->
  <rulegroup default='on' id="CONTROLO_CONTROLE" name="Confusão Controle - Controlo">
    <rule>
      <pattern>
		<token regexp="yes">o|de|do</token>
		<marker>
			<token>controle</token>
		</marker>
		<token regexp="yes">das?|dos?|de</token>
      </pattern>
      <message>Grafia do Brasil. Substituir «controle» por <suggestion>controlo</suggestion>.</message>
      <example correction="controlo">Perdeu o <marker>controle</marker> da situação.</example>
    </rule>
    <rule>
      <pattern>
		<token>sob</token>
		<marker>
			<token>controle</token>
		</marker>
      </pattern>
      <message>Grafia do Brasil. Substituir «controle» por <suggestion>controlo</suggestion>.</message>
      <example correction="controlo">Está tudo sob <marker>controle</marker>.</example>
    </rule>
  </rulegroup>

</category>

<category id="CONTRACTIONS" name="Contrações">

    <rulegroup type='grammar' id="CONTRACOES" name="Contrações">
	<!-- DE OUTRA doutra				-->
	<!-- Created by Tiago F. Santos, Portuguese rule, 2016-10-31 -->
 <rule default='on' id='CONTRACAO_DOUTRA' name='De + outra'>
    <pattern>
		<token>de</token>
		<token case_sensitive="yes">outra</token>
    </pattern>
	<message>Pode dizer <suggestion>doutra</suggestion>.</message>
	<url>https://pt.wikibooks.org/wiki/Portugu%C3%AAs/Classifica%C3%A7%C3%A3o_das_palavras/Preposi%C3%A7%C3%B5es/Contra%C3%A7%C3%B5es</url>
	<!--		TODO Write better examples		-->
	<example correction='doutra'><marker>de outra</marker>.</example>
 </rule>

	<!-- DE OUTRAS doutras				-->
	<!-- Created by Tiago F. Santos, Portuguese rule, 2016-10-31 -->
 <rule default='on' id='CONTRACAO_DOUTRAS' name='De + outras'>
    <pattern>
		<token>de</token>
		<token case_sensitive="yes">outras</token>
    </pattern>
	<message>Pode dizer <suggestion>doutras</suggestion>.</message>
	<url>https://pt.wikibooks.org/wiki/Portugu%C3%AAs/Classifica%C3%A7%C3%A3o_das_palavras/Preposi%C3%A7%C3%B5es/Contra%C3%A7%C3%B5es</url>
	<!--		TODO Write better examples		-->
	<example correction='doutras'><marker>de outras</marker>.</example>
 </rule>

	<!-- DE OUTREM doutrem				-->
	<!-- Created by Tiago F. Santos, Portuguese rule, 2016-10-31 -->
 <rule default='on' id='CONTRACAO_DOUTREM' name='De + outrem'>
    <pattern>
		<token>de</token>
		<token case_sensitive="yes">outrem</token>
    </pattern>
	<message>Pode dizer <suggestion>doutrem</suggestion>.</message>
	<url>https://pt.wikibooks.org/wiki/Portugu%C3%AAs/Classifica%C3%A7%C3%A3o_das_palavras/Preposi%C3%A7%C3%B5es/Contra%C3%A7%C3%B5es</url>
	<!--		TODO Write better examples		-->
	<example correction='doutrem'><marker>de outrem</marker>.</example>
 </rule>

	<!-- DE OUTRO doutro				-->
	<!-- Created by Tiago F. Santos, Portuguese rule, 2016-10-31 -->
 <rule default='on' id='CONTRACAO_DOUTRO' name='De + outro'>
    <pattern>
		<token>de</token>
		<token case_sensitive="yes">outro</token>
    </pattern>
	<message>Pode dizer <suggestion>doutro</suggestion>.</message>
	<url>https://pt.wikibooks.org/wiki/Portugu%C3%AAs/Classifica%C3%A7%C3%A3o_das_palavras/Preposi%C3%A7%C3%B5es/Contra%C3%A7%C3%B5es</url>
	<!--		TODO Write better examples		-->
	<example correction='doutro'><marker>de outro</marker>.</example>
 </rule>

	<!-- DE OUTROS doutros				-->
	<!-- Created by Tiago F. Santos, Portuguese rule, 2016-10-31 -->
 <rule default='on' id='CONTRACAO_DOUTROS' name='De + outros'>
    <pattern>
		<token>de</token>
		<token case_sensitive="yes">outros</token>
    </pattern>
	<message>Pode dizer <suggestion>doutros</suggestion>.</message>
	<url>https://pt.wikibooks.org/wiki/Portugu%C3%AAs/Classifica%C3%A7%C3%A3o_das_palavras/Preposi%C3%A7%C3%B5es/Contra%C3%A7%C3%B5es</url>
	<!--		TODO Write better examples		-->
	<example correction='doutros'><marker>de outros</marker>.</example>
 </rule>

	<!-- DE UM dum				-->
	<!-- Created by Tiago F. Santos, Portuguese rule, 2016-10-31 -->
 <rule default='on' id='CONTRACAO_DUM' name='De + um'>

    <pattern>
	   <marker>
		<token>de</token>
		<token case_sensitive="yes">um</token>
	   </marker>
		<token max='2' postag='(N|A).*' postag_regexp='yes'></token>
		<token min='0' negate_pos='yes' postag='(V.*)' postag_regexp='yes'></token>
    </pattern>
	<message>Pode dizer <suggestion>dum</suggestion>.</message>
	<url>https://pt.wikibooks.org/wiki/Portugu%C3%AAs/Classifica%C3%A7%C3%A3o_das_palavras/Preposi%C3%A7%C3%B5es/Contra%C3%A7%C3%B5es</url>
	<!--		TODO Write better examples		-->
	<example correction='dum'><marker>de um</marker> calmo dia.</example>
 </rule>

	<!-- DE UMA duma				-->
	<!-- Created by Tiago F. Santos, Portuguese rule, 2016-10-31 -->
 <rule default='on' id='CONTRACAO_DUMA' name='De + uma'>
    <pattern>
	   <marker>
		<token>de</token>
		<token case_sensitive="yes">uma</token>
	   </marker>
		<token max='2' postag='(N|A).*' postag_regexp='yes'></token>
		<token min='0' negate_pos='yes' postag='(V.*)' postag_regexp='yes'></token>
    </pattern>
	<message>Pode dizer <suggestion>duma</suggestion>.</message>
	<url>https://pt.wikibooks.org/wiki/Portugu%C3%AAs/Classifica%C3%A7%C3%A3o_das_palavras/Preposi%C3%A7%C3%B5es/Contra%C3%A7%C3%B5es</url>
	<!--		TODO Write better examples		-->
	<example correction='duma'><marker>de uma</marker> bonita manhã.</example>
 </rule>

	<!-- DE UMAS dumas				-->
	<!-- Created by Tiago F. Santos, Portuguese rule, 2016-10-31 -->
 <rule default='on' id='CONTRACAO_DUMAS' name='De + umas'>
    <pattern>
	   <marker>
		<token>de</token>
		<token case_sensitive="yes">umas</token>
	   </marker>
		<token max='2' postag='(N|A).*' postag_regexp='yes'></token>
		<token min='0' negate_pos='yes' postag='(V.*)' postag_regexp='yes'></token>
    </pattern>
	<message>Pode dizer <suggestion>dumas</suggestion>.</message>
	<url>https://pt.wikibooks.org/wiki/Portugu%C3%AAs/Classifica%C3%A7%C3%A3o_das_palavras/Preposi%C3%A7%C3%B5es/Contra%C3%A7%C3%B5es</url>
	<!--		TODO Write better examples		-->
	<example correction='dumas'><marker>de umas</marker> laranjas verdes.</example>
 </rule>

	<!-- DE UNS duns				-->
	<!-- Created by Tiago F. Santos, Portuguese rule, 2016-10-31 -->
 <rule default='on' id='CONTRACAO_DUNS' name='De + uns'>
    <pattern>
	   <marker>
		<token>de</token>
		<token case_sensitive="yes">uns</token>
	   </marker>
		<token max='2' postag='(N|A).*' postag_regexp='yes'></token>
		<token min='0' negate_pos='yes' postag='(V.*)' postag_regexp='yes'></token>
    </pattern>
	<message>Pode dizer <suggestion>duns</suggestion>.</message>
	<url>https://pt.wikibooks.org/wiki/Portugu%C3%AAs/Classifica%C3%A7%C3%A3o_das_palavras/Preposi%C3%A7%C3%B5es/Contra%C3%A7%C3%B5es</url>
	<!--		TODO Write better examples		-->
	<example correction='duns'><marker>de uns</marker> rios.</example>
 </rule>

	<!-- EM UM num				-->
	<!-- Created by Tiago F. Santos, Portuguese rule, 2016-10-31 -->
 <rule default='on' id='CONTRACAO_NUM' name='Em + um'>
    <pattern>
	   <marker>
		<token>em</token>
		<token case_sensitive="yes">um</token>
	   </marker>
		<token max='2' postag='(N|A).*' postag_regexp='yes'></token>
		<token min='0' negate_pos='yes' postag='(V.*)' postag_regexp='yes'></token>
    </pattern>
	<message>Pode dizer <suggestion>num</suggestion>.</message>
	<url>https://pt.wikibooks.org/wiki/Portugu%C3%AAs/Classifica%C3%A7%C3%A3o_das_palavras/Preposi%C3%A7%C3%B5es/Contra%C3%A7%C3%B5es</url>
	<!--		TODO Write better examples		-->
	<example correction='num'><marker>em um</marker> belo dia.</example>
 </rule>

	<!-- EM UMA numa				-->
	<!-- Created by Tiago F. Santos, Portuguese rule, 2016-10-31 -->
 <rule default='on' id='CONTRACAO_NUMA' name='Em + uma'>
    <pattern>
	   <marker>
		<token>em</token>
		<token case_sensitive="yes">uma</token>
	   </marker>
		<token max='2' postag='(N|A).*' postag_regexp='yes'></token>
		<token min='0' negate_pos='yes' postag='(V.*)' postag_regexp='yes'></token>
    </pattern>
	<message>Pode dizer <suggestion>numa</suggestion>.</message>
	<url>https://pt.wikibooks.org/wiki/Portugu%C3%AAs/Classifica%C3%A7%C3%A3o_das_palavras/Preposi%C3%A7%C3%B5es/Contra%C3%A7%C3%B5es</url>
	<!--		TODO Write better examples		-->
	<example correction='numa'><marker>em uma</marker> bonita manhã.</example>
 </rule>

	<!-- EM UMAS numas				-->
	<!-- Created by Tiago F. Santos, Portuguese rule, 2016-10-31 -->
 <rule default='on' id='CONTRACAO_NUMAS' name='Em + umas'>
    <pattern>
	   <marker>
		<token>em</token>
		<token case_sensitive="yes">umas</token>
	   </marker>
		<token max='2' postag='(N|A).*' postag_regexp='yes'></token>
		<token min='0' negate_pos='yes' postag='(V.*)' postag_regexp='yes'></token>
    </pattern>
	<message>Pode dizer <suggestion>numas</suggestion>.</message>
	<url>https://pt.wikibooks.org/wiki/Portugu%C3%AAs/Classifica%C3%A7%C3%A3o_das_palavras/Preposi%C3%A7%C3%B5es/Contra%C3%A7%C3%B5es</url>
	<!--		TODO Write better examples		-->
	<example correction='numas'><marker>em umas</marker> laranjas verdes.</example>
 </rule>

	<!-- EM UNS nums				-->
	<!-- Created by Tiago F. Santos, Portuguese rule, 2016-10-31 -->
 <rule default='on' id='CONTRACAO_NUMS' name='Em + uns'>
    <pattern>
	   <marker>
		<token>em</token>
		<token case_sensitive="yes">uns</token>
	   </marker>
		<token max='2' postag='(N|A).*' postag_regexp='yes'></token>
		<token min='0' negate_pos='yes' postag='(V.*)' postag_regexp='yes'></token>
    </pattern>
	<message>Pode dizer <suggestion>nums</suggestion>.</message>
	<url>https://pt.wikibooks.org/wiki/Portugu%C3%AAs/Classifica%C3%A7%C3%A3o_das_palavras/Preposi%C3%A7%C3%B5es/Contra%C3%A7%C3%B5es</url>
	<!--		TODO Write better examples		-->
	<example correction='nums'><marker>em uns</marker> rios.</example>
 </rule>
 
</rulegroup>

</category>

<category id='COMPOUNDING' name='Palavras Compostas'>

 <rulegroup id='COMPOUNDS_AO90_GENERIC_PREFIX' name='Hifenizador de palavras pós-reforma'>
	<!--            COMPOSTAS DO NOVO ACORDO ORTOGRÁFICO	       -->
	<!-- Created by  Tiago F. Santos , Portuguese rule, 2016-12-02 -->
<!--	<url>http://www.portaldalinguaportuguesa.org/INDEX.PHP?action=vop&page=crit1</url>
		<url>http://pucrs.br/gpt/hifen.php</url>
        <url>https://ciberduvidas.iscte-iul.pt/consultorio/perguntas/prefixos-e-hifen/17908</url>-->
        <url>https://ciberduvidas.iscte-iul.pt/artigos/rubricas/idioma/o-uso-do-hifen-segundo-o-acordo-ortografico/3195</url>
   <rule>
    <pattern>
		<token regexp='yes'>ex|sota|soto|vice|vizo|grã|pós|pré|pró|recém</token>
	<!-- além|aquém|bem|sem|grão are better dealt by PortugueseCompoundRule.java -->
		<token>
		  <exception regexp='yes'>[-,.!?\(\)]</exception>
		  <exception postag='C.|R.|S.+' postag_regexp='yes'/>
		    </token>
    </pattern>
	<message>Palavra hifenizada.</message><suggestion>\1-\2</suggestion>
	<example correction='vice-diretor'>Tem uma reunião marcada com o <marker>vice diretor</marker>.</example>
   </rule>
   <rule>
    <pattern>
		<token>
		  <exception regexp='yes'>[-,.!?\(\)]</exception>
		  <exception postag='(C|R|S|NP).+' postag_regexp='yes'/>
		    </token>
		<token regexp='yes'>açu|guaçu|mirim</token>
		<!-- These suffixes are used in Brazilian Portuguese -->
    </pattern>
	<message>Palavra hifenizada.</message><suggestion>\1-\2</suggestion>
	<example correction='Escuteiro-Mirim'>Manual do  <marker>Escuteiro Mirim</marker></example>
   </rule>
   <rule>
    <pattern>
		<token regexp='yes'>co|pre|pro|pos|re|bi|tri|tetra|penta|hexa|extra|infra|intra|supra|ultra|mega|tele|anti|maxi|mini|multi|pluri|semi|aero|agro|arqui|auto|bio|eletro|geo|hidro|macro|micro|neo|proto|pseudo|retro|circum|pan|hiper|inter|super|sub</token>
	<!-- além|aquém|sem|grão|bem|mal|contra|entre|sobre|ante are better dealt by PortugueseCompoundRule.java -->
		<token regexp='yes'>h.+
		  <exception regexp='yes'>[-,.!?\(\)]</exception>
		  <exception postag='C.|R.|S.+' postag_regexp='yes'/>
		    </token>
    </pattern>
	<message>Palavra provavelmente hifenizada. Pretende dizer </message><suggestion>\1-\2</suggestion>
	<example correction='co-herdada'>A análise do ADN mostrou uma mutação <marker>co herdada</marker> por todos os membros da família afetados.</example>
<!--	<example correction='sobre-humano'>Fez um esforço <marker>sobre humano</marker> para obter bons resultados.</example>-->
	<example correction='sub-hepática'>Prescrevi uma ecografia à região <marker>sub hepática</marker>.</example>
   </rule>
   
	<!--	TODO Rule for (des|in)-h... -> (des|in)...	-->
   
   <rule>
    <pattern>
		<token regexp='yes'>co|pre|pro|pos|re|bi|tri|tetra|penta|hexa</token>
		<token min='0'>-</token>
		<token regexp='yes' case_sensitive="yes">[^hrs].+</token>
    </pattern>
	<message>Este prefixo não é hifenizado neste contexto. Pretende dizer </message><suggestion>\1\3</suggestion>
	<example correction='codependência'>Vivem em regime de <marker>co-dependência</marker>.</example>
    </rule>
    <rule>
    <pattern>
		<token regexp='yes'>não|quase</token>
		<token>-</token>
		<token/>
    </pattern>
	<message>Este prefixo não é hifenizado neste contexto. Pretende dizer </message><suggestion>\1 \3</suggestion>
	<example correction='não agressão'>O pacto de <marker>não-agressão</marker> foi a prioridade do dia.</example>
   </rule>
   <rule>
    <pattern>
		<token regexp='yes'>extra|infra|intra|supra|ultra|mega</token>
	<!-- contra are better dealt by PortugueseCompoundRule.java -->
		<token regexp='yes'>a.+
		  <exception postag='C.|R.|S.+' postag_regexp='yes'/>
		  </token>
    </pattern>
	<message>Palavra hifenizada.</message><suggestion>\1-\2</suggestion>
	<example correction='infra-acústico'>O som foi produzido no espetro <marker>infra acústico</marker>.</example>
   </rule>
   <rule>
    <pattern>
		<token regexp='yes'>extra|infra|intra|supra|ultra|mega</token>
		<token min='0'>-</token>
		<token regexp='yes'>[^ahrs].+</token>
    </pattern>
	<message>Este prefixo não é hifenizado neste contexto.</message><suggestion>\1\3</suggestion>
        <example correction='megalítico'>O artefato encontrado provém do período <marker>mega lítico</marker> altos.</example>
   </rule>
   <rule>
    <pattern>
		<token>tele</token>
	<!-- ante|entre|sobre are better dealt by PortugueseCompoundRule.java -->
		<token regexp='yes'>e.+</token>
    </pattern>
	<message>Palavra hifenizada.</message><suggestion>\1-\2</suggestion>
	<example correction='tele-educação'>Os filhos tiveram que recorrer à <marker>tele educação</marker>.</example>
   </rule>
   <rule>
    <pattern>
		<token>tele</token>
		<token min='0'>-</token>
		<token regexp='yes'>[^ehrs].+</token>
    </pattern>
	<message>Este prefixo não é hifenizado neste contexto.</message><suggestion>\1\3</suggestion>
        <example correction='televisão'>Nem tudo o que aparece na <marker>tele-visão</marker> é verdade.</example>
    </rule>
    <rule>
    <pattern>
		<token regexp='yes'>anti|maxi|mini|multi|pluri|semi</token>
		<token regexp='yes'>i.+</token>
    </pattern>
	<message>Palavra hifenizada.</message><suggestion>\1-\2</suggestion>
	<example correction='anti-intelectuais'>Tive que superar atitudes <marker>anti intelectuais</marker> antes de conseguir apresentar o trabalho.</example>
   </rule>
   <rule>
    <pattern>
		<token regexp='yes'>anti|maxi|mini|multi|pluri|semi</token>
		<token min='0'>-</token>
		<token regexp='yes'>[^ihrs].+</token>
    </pattern>
	<message>Este prefixo não é hifenizado neste contexto.</message><suggestion>\1\3</suggestion>
        <example correction='minimercados'>Os <marker>mini-mercados</marker> abrem em todo o lado.</example>
   </rule>
   <rule>
    <pattern>
		<token regexp='yes'>aero|agro|arqui|auto|bio|eletro|geo|hidro|macro|micro|neo|proto|pseudo|retro</token>
		<token regexp='yes'>o.+</token>
    </pattern>
	<message>Palavra hifenizada.</message><suggestion>\1-\2</suggestion>
	<example correction='micro-ondas'>Aquece 10 minutos no <marker>micro ondas</marker> altos.</example>
   </rule>
   <rule>
    <pattern>
		<token regexp='yes'>aero|agro|arqui|auto|bio|eletro|geo|hidro|macro|micro|neo|proto|pseudo|retro</token>
		<token min='0'>-</token>
		<token regexp='yes'>[^hors].+</token>
    </pattern>
	<message>Este prefixo não é hifenizado neste contexto.</message><suggestion>\1\3</suggestion>
        <example correction='biodiversidade'>...apresenta índices de <marker>bio-diversidade</marker> altos.</example>
   </rule>

        <!-- TODO special rules for  ante|contra|entre|sobre  -->

   <rule>
    <pattern>
		<token regexp='yes'>extra|infra|intra|supra|ultra|mega|tele|anti|maxi|mini|multi|pluri|semi|aero|agro|arqui|auto|bio|eletro|geo|hidro|macro|micro|neo|proto|pseudo|retro</token>
		<token min='0'>-</token>
		<token regexp='yes'>r.+</token>
    </pattern>
	<message>Este prefixo não é hifenizado neste contexto.</message><suggestion>\1r\3</suggestion>
	<example correction='arquirrival'>O F.C. Porto é <marker>arqui-rival</marker> do S.L.Benfica.</example>
    </rule>
    <rule>
    <pattern>
		<token regexp='yes'>extra|infra|intra|supra|ultra|mega|tele|anti|maxi|mini|multi|pluri|semi|aero|agro|arqui|auto|bio|eletro|geo|hidro|macro|micro|neo|proto|pseudo|retro</token>
		<token min='0'>-</token>
		<token regexp='yes'>s.+</token>
    </pattern>
	<message>Este prefixo não é hifenizado neste contexto.</message><suggestion>\1s\3</suggestion>
	<example correction='multissecular'>Esta é uma história <marker>multi secular</marker>.</example>
    </rule>
    <rule>
    <pattern>
		<token regexp='yes'>hiper|inter|super</token>
		<token regexp='yes'>r.+</token>
    </pattern>
	<message>Palavra hifenizada.</message><suggestion>\1-\2</suggestion>
	<example correction='super-resistente'>Estamos a desenvolver um liga <marker>super resistente</marker>.</example>
    </rule>
    <rule>
    <pattern>
		<token regexp='yes'>ob|sub</token>
	<!-- ab (latim)|sob is better dealt by PortugueseCompoundRule.java -->
		<token regexp='yes' case_sensitive="yes">[br].+</token>
    </pattern>
	<message>Palavra hifenizada.</message><suggestion>\1-\2</suggestion>
<!--	<example correction='ab-rogar'>Pretende-se <marker>ab rogar</marker> as novas referências, no início do ano.</example>-->
	<example correction='sub-reino'>No <marker>sub reino</marker> dos Eumetazoa podemos encontrar...</example>
    </rule>
    <rule>
    <pattern>
		<token regexp='yes'>ob|sub</token>
	<!-- ab (latim)|sob is better dealt by PortugueseCompoundRule.java -->
		<token min='0'>-</token>
		<token regexp='yes' case_sensitive="yes">[^,.!\(\)brh].+</token>
    </pattern>
	<message>Este prefixo não é hifenizado neste contexto.</message><suggestion>\1\3</suggestion>
<!--	<example correction='abdicar'>Pretende <marker>ab-dicar</marker> dos seus direitos...</example>-->
	<example correction='subnível'>Em caso de emergência, saia pelo <marker>sub nível</marker> 1.</example>
   </rule>
   <rule>
    <pattern>
		<token regexp='yes'>circum|pan</token>
		<token regexp='yes'>[mnaeiouh].+</token>
    </pattern>
	<message>Palavra hifenizada.</message><suggestion>\1-\2</suggestion>
	<example correction='Circum-navegação'><marker>Circum navegação</marker> é uma viagem marítima em torno de um lugar.</example>
   </rule>
   <rule>
    <pattern>
		<token regexp='yes'>circum|pan</token>
		<token min='0'>-</token>
		<token regexp='yes'>[^,.!\(\)mnaeiouh].+</token>
    </pattern>
	<message>Este prefixo não é hifenizado neste contexto.</message><suggestion>\1\3</suggestion>
	<example correction='panteístas'>As crenças <marker>pan-teístas</marker> são próximas das filosofias orientais.</example>
   </rule>
 </rulegroup>
	<!--          Tiago F. Santos Rules Ending          ****END**** -->
	<!-- ********************************************************** -->
 
</category>

</rules>
